<?xml version="1.0" encoding="UTF-8"?>
<jxb:bindings version="1.0" xmlns:jxb="http://java.sun.com/xml/ns/jaxb" xmlns:xsd="http://www.w3.org/2001/XMLSchema">
    <jxb:globalBindings>
            <jxb:javaType name="java.util.Date" xmlType="xsd:date"
              parseMethod="biz.redsoft.schema.common.DateAdapterLocal.parseDate"
              printMethod="biz.redsoft.schema.common.DateAdapterLocal.printDate"
            />
        <!--
            <jxb:javaType name="java.util.Date" xmlType="xsd:dateTime"
              parseMethod="biz.redsoft.ncore.schema.common.DateAdapter.parseDateTime"
              printMethod="biz.redsoft.ncore.schema.common.DateAdapter.printDateTime"
            />
        -->
    </jxb:globalBindings>
    <!--
        <jxb:bindings schemaLocation="banksys_common/PledgeRegistry_v2.1.23%20public.xsd" >
            <jxb:schemaBindings>
                  <jxb:nameXmlTransform>
                      <jxb:typeName prefix="Notary" />
                  </jxb:nameXmlTransform>
            </jxb:schemaBindings>
        </jxb:bindings>
    -->
</jxb:bindings>