<?xml version="1.0" encoding="Windows-1251"?>

<jaxb:bindings
      xmlns:xsd="http://www.w3.org/2001/XMLSchema"
      xmlns:jaxb="http://java.sun.com/xml/ns/jaxb"
      version="2.0">

  <jaxb:globalBindings>
    <jaxb:javaType name="java.util.Date" xmlType="xsd:date"
      parseMethod="biz.redsoft.schema.common.DateAdapterLocal.parseDate"
      printMethod="biz.redsoft.schema.common.DateAdapterLocal.printDate"
    />
    <jaxb:javaType name="java.lang.Integer" xmlType="xsd:gYear"
      parseMethod="biz.redsoft.schema.common.DateAdapterLocal.parseYear"
      printMethod="biz.redsoft.schema.common.DateAdapterLocal.printYear"
    />
    <jaxb:javaType name="java.util.Date" xmlType="xsd:dateTime"
      parseMethod="biz.redsoft.schema.common.DateAdapterLocal.parseDateTime"
      printMethod="biz.redsoft.schema.common.DateAdapterLocal.printDateTime"
    />
  </jaxb:globalBindings>

  <jaxb:bindings schemaLocation="xsd/smev.unifo.rev111111.xsd">
    <jaxb:schemaBindings>
      <jaxb:package name="ru.roskazna.gosuslugi.smev.rev111111"/>
    </jaxb:schemaBindings>
  </jaxb:bindings>

  <jaxb:bindings schemaLocation="xsd/Payment.xsd">
    <jaxb:bindings node="//xsd:element[@name='PaymentDate']">
      <jaxb:property>
        <jaxb:baseType>
          <jaxb:javaType name="java.lang.String"/>
        </jaxb:baseType>
      </jaxb:property>
    </jaxb:bindings>
  </jaxb:bindings>

<!--
  <jaxb:bindings schemaLocation="xsd/entity/document/Bill.xsd">
    <jaxb:bindings node="//xsd:element[@name='BillDate']">
      <jaxb:property>
        <jaxb:baseType>
          <jaxb:javaType name="java.lang.String"/>
        </jaxb:baseType>
      </jaxb:property>
    </jaxb:bindings>
  </jaxb:bindings>
-->

</jaxb:bindings>