<?xml version="1.0" encoding="Windows-1251"?>

<jaxb:bindings
      xmlns:xs="http://www.w3.org/2001/XMLSchema"
      xmlns:jaxb="http://java.sun.com/xml/ns/jaxb"
      version="2.0">

	<jaxb:globalBindings>
		<jaxb:javaType name="java.util.Date" xmlType="xs:date"
                   parseMethod="biz.redsoft.schema.common.DateAdapterLocal.parseDate"
                   printMethod="biz.redsoft.schema.common.DateAdapterLocal.printDate"/>
		<jaxb:javaType name="java.lang.Integer" xmlType="xs:gYear"
                   parseMethod="biz.redsoft.schema.common.DateAdapterLocal.parseYear"
                   printMethod="biz.redsoft.schema.common.DateAdapterLocal.printYear"/>
		<jaxb:javaType name="java.util.Date" xmlType="xs:dateTime"
      parseMethod="biz.redsoft.schema.common.DateAdapterLocal.parseDateTime"
      printMethod="biz.redsoft.schema.common.DateAdapterLocal.printDateTime"/>
	</jaxb:globalBindings>

	<jaxb:bindings schemaLocation="MQMessages.xsd">
		<jaxb:bindings node="//xs:complexType[@name='KeyValueType']/xs:simpleContent/xs:extension/xs:attribute[@name='Value']">
			<jaxb:property name="ValueAttribute"/>
		</jaxb:bindings>
	</jaxb:bindings>


</jaxb:bindings>